{"train_data": [[0.4015, 1.346725391149521], [0.407, 1.3627434185743332], [0.3975, 1.3483940854072571]], "dev_data": [[0.39989763376510884, 1.3619181536689517], [0.400330721681956, 1.362535628399511], [0.3995826607346746, 1.3659974381961222]], "test_data": []}
