{"train_data": [[0.4, 1.3865864140987396], [0.403, 1.3890727988481522], [0.3905, 1.3796543219089508]], "dev_data": [[0.391590220087405, 1.3999811505426571], [0.391590220087405, 1.3924884375437039], [0.391590220087405, 1.391207702084789]], "test_data": []}
