{"train_data": [[0.3905, 1.4468306255340577], [0.4115, 1.3680324413776397]], "dev_data": [[0.391590220087405, 1.415751137189039], [0.391590220087405, 1.3920015138340747]], "test_data": []}