{"train_data": [[0.4185, 1.3719979889392853], [0.3925, 1.384791224837303], [0.427, 1.3714636347293854]], "dev_data": [[0.4125820146661521, 1.3656474083294103], [0.3819632059693812, 1.3753520055317585], [0.4125820146661521, 1.3581051619823088]], "test_data": [[0.44, 1.343680050637987]]}