{"train_data": [[0.673, 0.7449527834653854], [0.719, 0.6408391513228416], [0.7955, 0.5138396806120873], [0.87, 0.3439225314259529], [0.9435, 0.17154603308439254], [0.958, 0.12135205692052842], [0.979, 0.06038350760936737], [0.9905, 0.028032314658164977], [0.996, 0.013477472066879272], [0.9965, 0.008312226295471192], [0.9995, 0.0020365549325942994], [0.9995, 0.0014548768997192383]], "dev_data": [[0.6405258909007034, 0.8220811147393996], [0.6472148541114059, 0.7841382451025543], [0.6507899896205743, 0.8064653775706282], [0.6510206435243916, 0.8468261965553919], [0.6299158113251067, 1.071143006703153], [0.6274939453350248, 1.3863345767161723], [0.636604774535809, 1.6075622587571285], [0.6321070234113713, 1.8558366318332973], [0.6363741206319917, 1.9988865173509918], [0.6449083150732327, 2.4077059210336516], [0.6442163533617806, 2.581646450862821], [0.6438703725060546, 2.6859726147018237]], "test_data": []}