{"train_data": [[0.3925, 1.4057389550209045], [0.409, 1.4013080887794496], [0.402, 1.4782552101612092]], "dev_data": [[0.379, 1.418443657398224], [0.379, 1.4385478603839874], [0.379, 1.5173853962421417]], "test_data": [[0.379, 1.5287064578798082]]}