{"train_data": [[0.3925, 1.3764242775440216], [0.3795, 1.3223565666675567], [0.4345, 1.2545568211078644], [0.4475, 1.243017233133316]], "dev_data": [[0.379, 1.4002002472877502], [0.37, 1.3601170749664306], [0.398, 1.336364622592926], [0.408, 1.3265992603302001]], "test_data": [[0.4515, 1.2714752394055564]]}