{"train_data": [[0.3925, 1.4059712958335877], [0.382, 1.3971458988189698], [0.399, 1.384594426870346], [0.3935, 1.384832104563713]], "dev_data": [[0.379, 1.4201542518138885], [0.361, 1.4233621418476106], [0.371, 1.4141481075286866], [0.379, 1.411776864528656]], "test_data": [[0.4115, 1.3760526085656786]]}