{"train_data": [[0.2, 2.149491282939911], [0.216, 2.107553371667862], [0.2115, 2.075460494995117], [0.2055, 2.096024695158005]], "dev_data": [[0.20725450423577138, 2.149995697932389], [0.20725450423577138, 2.0915998824452626], [0.20725450423577138, 2.0913727144134864], [0.20725450423577138, 2.088389239181544]], "test_data": [[0.195, 2.1037349454940313]]}