{"train_data": [[0.6415, 0.8049636886715889], [0.709, 0.6774996869564056], [0.789, 0.5219499884843827]], "dev_data": [[0.637, 0.8473124198913574], [0.622, 0.838253600358963], [0.635, 0.8340467425584793]], "test_data": [[0.6655, 0.7631813954739344]]}