{"train_data": [[0.647, 0.8010486695766449], [0.7375, 0.6547090912461281], [0.8765, 0.3818164113163948]], "dev_data": [[0.6108323684549081, 0.8631228038987505], [0.6284574810240576, 0.8231638097683344], [0.6408079248681333, 0.8865737686462608]], "test_data": [[0.652, 0.8620111989596534]]}