{"train_data": [[0.4185, 1.3522299846410752], [0.425, 1.3171427162885665], [0.433, 1.2933621401786803], [0.4255, 1.2617127157449721]], "dev_data": [[0.4125820146661521, 1.3521452586285372], [0.41309661649298857, 1.3201951112889458], [0.4179853338479352, 1.3125478358548364], [0.4236459539431365, 1.308709332451163]], "test_data": [[0.433, 1.2638641037638225]]}