{"train_data": [[0.6205, 0.852764908015728], [0.751, 0.6656464902162552], [0.853, 0.44541015326976774], [0.926, 0.2458005810379982]], "dev_data": [[0.5771259487971182, 0.9289309537582436], [0.6136626785025087, 0.8739334052053008], [0.6045284960761611, 0.9446408214055216], [0.5983532741541232, 1.1696221607549446]], "test_data": []}