{"train_data": [[0.131, 2.6067958698272706], [0.216, 2.10949752163887], [0.2115, 2.077964049100876], [0.2055, 2.096261617422104]], "dev_data": [[0.1301753967307004, 2.6099378315035167], [0.20725450423577138, 2.0942447438039853], [0.20725450423577138, 2.0936988465317334], [0.20725450423577138, 2.0883724320935837]], "test_data": [[0.195, 2.1037621365653143]]}