{"train_data": [[0.6285, 0.8261936294436455], [0.7555, 0.6242854063510894]], "dev_data": [[0.5912774990351216, 0.9113269599131596], [0.6019554869419786, 0.8890477308060651]], "test_data": []}