{"train_data": [[0.4755, 1.3317757888436317], [0.5685, 1.107947658121586], [0.757, 0.7097910621166229], [0.9115, 0.32196751260757445]], "dev_data": [[0.4227419162391123, 1.4441125901088914], [0.4371793342083284, 1.3982599510718847], [0.45603149982102376, 1.499456804089305], [0.45817921489082447, 1.9977777103203853]], "test_data": [[0.455, 1.9425303576484558]]}