{"train_data": [[0.2225, 2.0232297371625902], [0.4515, 1.3590732377767563], [0.5425, 1.1830108834505082], [0.6615, 0.9734871933460235]], "dev_data": [[0.22992482997255698, 2.0181686669189967], [0.4060374656962176, 1.4903890167199474], [0.42703734637871377, 1.4319177466011002], [0.44517360696814223, 1.4967873820053939]], "test_data": [[0.4435, 1.4727914484720381]]}