{"train_data": [[0.481, 1.3293440928459168], [0.5715, 1.061724156498909], [0.717, 0.790575219810009], [0.805, 0.5868210798501968], [0.875, 0.3889571557044983], [0.929, 0.23431114131212236], [0.956, 0.15405989253520966], [0.9795, 0.07154938048124314], [0.9945, 0.030955815494060516], [0.997, 0.0157146355509758], [0.998, 0.01106521224975586], [0.998, 0.007760295867919922]], "dev_data": [[0.44421906693711966, 1.428277688314214], [0.4707075527979955, 1.3413423484774263], [0.4790597780694428, 1.361650535779941], [0.4765541104880086, 1.492436461378145], [0.4721393628445293, 1.846455045684262], [0.4752416179453526, 2.1279834308697065], [0.4748836654337191, 2.5666372179131924], [0.4708268703018733, 2.9271157227513442], [0.4726166328600406, 3.3209816724175716], [0.4740484429065744, 3.592067465015495], [0.4727359503639184, 3.8567357393450865], [0.47309390287555186, 4.011612918142599]], "test_data": [[0.482, 3.911564656666347]]}