{"train_data": [[0.7095, 0.6679297064542771], [0.783, 0.5335745672583581], [0.8415, 0.410276653945446]], "dev_data": [[0.6601011211255221, 0.7709240377824539], [0.6789184436139811, 0.7278328016813057], [0.6791382721477248, 0.777084410777562]], "test_data": []}