{"train_data": [[0.6205, 0.852764908015728]], "dev_data": [[0.5771259487971182, 0.9289309537582436]], "test_data": []}