{"train_data": [[0.2115, 2.1547435750961306], [0.208, 2.1258863484859467], [0.2115, 2.082491311311722], [0.2065, 2.095218042373657]], "dev_data": [[0.1959193413673786, 2.1628332740364185], [0.1984250089488128, 2.1153629901641198], [0.20725450423577138, 2.103570874922603], [0.20725450423577138, 2.088151098548911]], "test_data": [[0.195, 2.1034507562243747]]}