{"train_data": [[0.234, 1.951791398525238], [0.2675, 1.8997150478363036], [0.3135, 1.8121282463073731], [0.2985, 1.794196881055832]], "dev_data": [[0.23624865767808137, 1.9807230440601138], [0.2403054528099272, 1.9496970134609528], [0.25438491826750986, 1.951953976891423], [0.26894165374060375, 1.933415895825579]], "test_data": [[0.255, 1.9938189018340338]]}