{"train_data": [[0.2815, 1.5750761773586273], [0.2685, 1.6329355779886245], [0.402, 1.6382992912530898]], "dev_data": [[0.274, 1.611770304441452], [0.274, 1.702331872701645], [0.379, 1.728746895313263]], "test_data": [[0.379, 1.6917551074709212]]}