{"train_data": [[0.515, 1.0778112351894378], [0.555, 0.974314011991024], [0.559, 0.9574345909953117]], "dev_data": [[0.4985205197478451, 1.0940076486962567], [0.537630258587418, 1.0206808423155864], [0.542904927312492, 1.0051490304983937]], "test_data": []}