{"train_data": [[0.4695, 1.1834159466028213], [0.5675, 0.9842171152234077], [0.599, 0.892067524254322], [0.632, 0.8355557059049606], [0.6785, 0.7564093405008316], [0.6905, 0.6898763720989227], [0.737, 0.643314532995224], [0.7395, 0.634915657877922], [0.773, 0.5511203499436379], [0.7875, 0.5234703044295311], [0.79, 0.5239372562170028], [0.812, 0.483421463906765]], "dev_data": [[0.4658433037437283, 1.180581410557277], [0.5306831339251254, 1.027883074487801], [0.5640036022127879, 0.9750013871601334], [0.5719799305287534, 0.9761409715676503], [0.574810240576354, 0.967962533312202], [0.5762253956001544, 0.9986844277430954], [0.5695355718512801, 1.0425798693219575], [0.5686350186543162, 1.070537395622014], [0.5686350186543162, 1.12291817483588], [0.5636176508426605, 1.1669834935616072], [0.5580856812041682, 1.2108992793033888], [0.5602727389682234, 1.2303352068358488]], "test_data": [[0.5655, 1.2324421424714347]]}