{"train_data": [[0.4185, 1.3732846970558166], [0.4215, 1.3686644368171692], [0.427, 1.3715946521759033]], "dev_data": [[0.4125820146661521, 1.3662919830147622], [0.4125820146661521, 1.3588127372748076], [0.4125820146661521, 1.3585385053491397]], "test_data": [[0.44, 1.3447287309737432]]}