{"train_data": [[0.4185, 1.3852352430820465], [0.4215, 1.368511107802391], [0.427, 1.3715081117153167]], "dev_data": [[0.4125820146661521, 1.3757791058026223], [0.4125820146661521, 1.3588598905890077], [0.4125820146661521, 1.3586062237375067]], "test_data": [[0.44, 1.3448582660584223]]}