{"train_data": [[0.674, 0.7648244051933288], [0.751, 0.5823606638014317], [0.851, 0.41444970613718035]], "dev_data": [[0.6365211228788535, 0.807444479488951], [0.6584511201228395, 0.7626721882491599], [0.6683333989527147, 0.7853853494022774]], "test_data": []}