{"train_data": [[0.4185, 1.3755040907859801], [0.4215, 1.372931716799736], [0.427, 1.371365360379219]], "dev_data": [[0.4125820146661521, 1.3666596624831604], [0.4125820146661521, 1.363208876746427], [0.4125820146661521, 1.358557817223386]], "test_data": [[0.44, 1.3452102267552937]]}