{"train_data": [[0.4005, 1.4140551767349243], [0.407, 1.3820237892866134], [0.417, 1.376644041657448]], "dev_data": [[0.3986810287975379, 1.3805153375563228], [0.3986810287975379, 1.3796086655531739], [0.3986810287975379, 1.3805237643555637]], "test_data": []}