{"train_data": [[0.49, 1.111860203385353], [0.573, 0.9172847185134888], [0.6435, 0.8156930253505706], [0.6605, 0.7835416681170464], [0.689, 0.7100322486162186], [0.715, 0.6751780185103416], [0.7475, 0.6050759463906288]], "dev_data": [[0.5071004616399208, 1.0841632934284897], [0.5689162453286437, 0.9591948869034677], [0.5934051439876896, 0.9151111178235051], [0.5954275664981314, 0.9141716783581666], [0.6013629369092108, 0.9137207247029924], [0.5987689602110354, 0.9366096094662053], [0.6011870740822158, 0.9750832276130909]], "test_data": []}