{"train_data": [[0.6335, 0.8493093874454498], [0.701, 0.7114134505987167], [0.802, 0.5396305906772614], [0.88, 0.3839729322195053], [0.942, 0.20682737469673157], [0.968, 0.11430748450756073], [0.976, 0.07921383821964265], [0.9865, 0.043753827929496766], [0.9945, 0.02029773235321045], [0.9965, 0.017747583627700805], [0.999, 0.0034920599460601808], [0.9995, 0.0013903741836547852]], "dev_data": [[0.5939766981754232, 0.9096116359265712], [0.6240052758848098, 0.8464780436978059], [0.6256759727412619, 0.8575090534419199], [0.6187293910749615, 0.9329061349316824], [0.608837107056496, 1.1517262501136496], [0.6016267311497032, 1.4757373138119987], [0.6006594856012311, 1.858040468940189], [0.6043086392613761, 2.1084532054238094], [0.6024181138711805, 2.4670616468380606], [0.5988129259177841, 2.746509696890072], [0.6001318971202462, 3.109629242092832], [0.6007913827214773, 3.264500930852947]], "test_data": []}