{"train_data": [[0.6745, 0.7557545358538628], [0.736, 0.5925914276838302]], "dev_data": [[0.6423874955706917, 0.8005635797813183], [0.6576636875467539, 0.7628118715652331]], "test_data": []}