{"train_data": [[0.6745, 0.7557545358538628], [0.736, 0.5925914276838302], [0.83, 0.43636304157972333], [0.922, 0.2536534482240677]], "dev_data": [[0.6423874955706917, 0.8005635797813183], [0.6576636875467539, 0.7628118715652331], [0.6702232371353203, 0.7649302284877131], [0.6659317295956534, 0.9048578671817704]], "test_data": []}