{"train_data": [[0.663, 0.745490549981594], [0.752, 0.5854699149727821], [0.83, 0.4188416104912758], [0.9295, 0.22698274147510528]], "dev_data": [[0.645, 0.8339718124866485], [0.642, 0.8179221252202987], [0.644, 0.8339768018722534], [0.652, 0.9986698517799377]], "test_data": [[0.66, 0.9394476139356219]]}