{"train_data": [[0.662, 0.7686305213570594]], "dev_data": [[0.6179081435739097, 0.8474129139610524]], "test_data": []}