{"train_data": [[0.662, 0.7686305213570594], [0.7965, 0.5561356824040413], [0.9255, 0.24943879514932632], [0.988, 0.0497130286693573]], "dev_data": [[0.6179081435739097, 0.8474129139610524], [0.6483983018139714, 0.7983041373943841], [0.6347613534028046, 0.950281477928039], [0.6445387881126978, 1.3865190674953254]], "test_data": [[0.646, 1.3742848029212347]]}