{"train_data": [[0.4185, 1.3696921070814132], [0.4215, 1.369056164264679], [0.427, 1.3712373739480972], [0.414, 1.3711645610332488]], "dev_data": [[0.4125820146661521, 1.361781329560427], [0.4125820146661521, 1.3594182299856297], [0.4125820146661521, 1.3587332045345148], [0.4125820146661521, 1.3584724517822757]], "test_data": [[0.434, 1.3351280329719422]]}