{"train_data": [[0.5935, 0.9051106303930283], [0.5995, 0.9371838644742966], [0.6085, 0.8937819244861602], [0.6095, 0.9043882648944854], [0.6285, 0.8735567563772202], [0.645, 0.8175458754301071], [0.68, 0.7620646473169327], [0.691, 0.7307674226760864], [0.7005, 0.6905530188679695], [0.7575, 0.5939129751324653], [0.874, 0.39228813809156415], [0.952, 0.18524637907743455]], "dev_data": [[0.5747197186194768, 0.951809079586705], [0.5684765882611563, 0.9680517114457869], [0.5669817542316993, 0.9674546221682458], [0.5794680149483403, 0.9513755722702304], [0.5872499450428665, 0.9315990906224472], [0.6032534622994065, 0.9080363017010454], [0.6087052099362498, 0.8892640464489889], [0.6104638382061992, 0.8764273371919465], [0.619652670916685, 0.8623586134086514], [0.6255440756210157, 0.8711591335393373], [0.6224225104418554, 0.9180545029918101], [0.6096724554847219, 1.1809254891688394]], "test_data": []}