{"train_data": [[0.4855, 1.2766482694149017], [0.607, 0.9988717956542968], [0.843, 0.5448477677106858]], "dev_data": [[0.44040090681302946, 1.4069826244625427], [0.4568667223481685, 1.3800729576725768], [0.4671280276816609, 1.5952984195003528]], "test_data": [[0.4655, 1.5336747756080022]]}