{"train_data": [[0.513, 1.0408929773569107]], "dev_data": [[0.5180753891676315, 1.067689271206841]], "test_data": []}