{"train_data": [[0.708, 0.6837183387875557], [0.7975, 0.4682509704828262], [0.882, 0.330776418030262]], "dev_data": [[0.6621914248592464, 0.7539336635442231], [0.678924367101067, 0.7326711237759103], [0.6755777786527029, 0.8209011568492792]], "test_data": []}