{"train_data": [[0.474, 1.36755082321167], [0.476, 1.3488733825683594], [0.5125, 1.2841628563404084], [0.5335, 1.199064091026783], [0.5485, 1.1503687358498573], [0.575, 1.0603084680438042], [0.626, 0.9817915053367615], [0.6665, 0.8676749631762505], [0.755, 0.7043013024926186], [0.814, 0.5465553305149078], [0.8955, 0.3452058112025261], [0.9625, 0.14661177438497544]], "dev_data": [[0.43145209402219303, 1.473419893931114], [0.43085550650280396, 1.4722194704191602], [0.4469633695263095, 1.4419881761756561], [0.46820188521656125, 1.3938805474011042], [0.4590144374179692, 1.3817102024260595], [0.47631547548025294, 1.368330281952979], [0.47822455554229804, 1.3746063131412476], [0.47249731535616274, 1.3830880135695898], [0.48717336833313446, 1.4049644040811153], [0.48741200334089013, 1.578086750844906], [0.4790597780694428, 1.890292185252063], [0.4779859205345424, 2.449656612559698]], "test_data": [[0.4815, 2.4044820808228993]]}