{"train_data": [[0.2, 2.0892961256504057], [0.216, 2.1074492712020874], [0.2115, 2.0704096910953522]], "dev_data": [[0.20725450423577138, 2.089101558480099], [0.20725450423577138, 2.0921860019896776], [0.20725450423577138, 2.088474457045548]], "test_data": [[0.1935, 2.0974510453996205]]}