{"train_data": [[0.4185, 1.3727953366041183], [0.4215, 1.368905578970909], [0.427, 1.3713132338523866]], "dev_data": [[0.4125820146661521, 1.365181616243021], [0.4125820146661521, 1.3595780985345565], [0.4125820146661521, 1.3586106020727275]], "test_data": [[0.44, 1.3450361736237058]]}