{"train_data": [[0.216, 2.0180219705104827], [0.3645, 1.6311179147362709], [0.4495, 1.407895114839077], [0.5095, 1.2590197939872743], [0.5455, 1.1734340046048164], [0.5695, 1.0808515420556069], [0.5915, 1.0446571616530418], [0.65, 0.9158078741431236]], "dev_data": [[0.22467485980193294, 2.009520252782737], [0.33790717098198303, 1.7053898924959685], [0.40174203555661614, 1.5172265413452939], [0.4309748240066818, 1.4656741522388574], [0.4355088891540389, 1.4525707498710176], [0.4355088891540389, 1.4914777941015935], [0.43538957165016107, 1.513697387167668], [0.4482758620689655, 1.5457840423967457]], "test_data": []}